,Offense,Univariate MAPE,Multivariate MAPE
0,all,0.08406525571699965,0.07864274183166052
1,felony,0.10383050452435985,0.09191652624322541
2,misdemeanor,0.11334731858211956,0.1069398450851435
